{"cameraMode":{"drawMode":0,"name":"Shaded","section":"Shading Mode"},"sceneLighting":true,"audioPlay":false,"sceneViewState":{"m_AlwaysRefresh":false,"showFog":true,"showSkybox":true,"showFlares":true,"showImageEffects":true,"showParticleSystems":true,"showVisualEffectGraphs":true,"m_FxEnabled":true},"in2DMode":false,"pivot":{"x":1.299919605255127,"y":-0.46818113327026369,"z":0.008138179779052735},"rotation":{"x":-0.11012810468673706,"y":0.8050330281257629,"z":-0.15800657868385316,"w":-0.5610955357551575},"size":11.293914794921875,"orthographic":false}